Матеріал: кирпичные та загальна площа: 73 / 37 / 15 м².,street
Матеріал: 0 та загальна площа: 110.27 / 58 / - м².,Омеляновича-Павленка
Матеріал: монолитно-каркасные та загальна площа: 100 / 56 / 18 м².,
Матеріал: кирпичные та загальна площа: 58 / 32 / 8 м².,Ованеса Туманяна
Матеріал: монолитно-каркасные та загальна площа: 79 / 36 / 12 м².,Петропавлівська
Матеріал: монолитно-каркасные та загальна площа: 138.7 / 77.6 / 18 м².,Дніпровська
Матеріал: монолитно-каркасные та загальна площа: 201.4 / 115 / 25 м².,Саксаганського
Матеріал: монолитно-каркасные та загальна площа: 87 / 43 / 21 м².,Івана Мазепи
Матеріал: монолитно-каркасные та загальна площа: 40 / 10 / 19 м².,Дніпровська
Матеріал: кирпичные та загальна площа: 51 / 29 / 8 м².,Ділова
Матеріал: монолитно-каркасные та загальна площа: 48 / 20 / 17 м².,Новодарницька
Матеріал: кирпичные та загальна площа: 85 / 40.1 / 14.8 м².,Ревуцького
Матеріал: монолитно-каркасные та загальна площа: 76 / 33.4 / 15.6 м².,Липківського
Матеріал: кирпичные та загальна площа: 56 / 32.9 / 8.2 м².,Бендукідзе
Матеріал: панельные та загальна площа: 38 / 16 / 12 м².,Введенська
Матеріал: утепленная панель та загальна площа: 70 / 44 / 8.5 м².,Виноградний
Матеріал: монолитно-каркасные та загальна площа: 103 / 63 / 15 м².,Кайсарова
Матеріал: <span>6 декабря 2019 г.</span> та загальна площа: 56.44 / 29 / 10.24 м².,Ахматової
Матеріал: утепленная панель та загальна площа: 69 / 42 / 7.4 м².,Радченка
Матеріал: <span>18 января</span> та загальна площа: 47.39 / 16.21 / 17.03 м².,Дніпровська
Матеріал: монолитно-каркасные та загальна площа: 50 / 28 / 20 м².,Ділова
Матеріал: 0 та загальна площа: 64 / 45 / 8 м².,Бориспільська
Матеріал: кирпичные та загальна площа: 96 / 64 / 8.4 м².,Болсуновська
Матеріал: блочные та загальна площа: 46 / 32 / 7 м².,Українки
Матеріал: панельные та загальна площа: 44 / 28 / 6 м².,Антонова
Матеріал: монолитно-каркасные та загальна площа: 100 / 50 / 20 м².,Омеляновича-Павленка
Матеріал: <span>14 октября 2020 г.</span> та загальна площа: 240 / 125 / 26 м².,
Матеріал: <span>22 октября 2020 г.</span> та загальна площа: 72.1 / 35.59 / 12.84 м².,Ованеса Туманяна
Матеріал: монолитно-каркасные та загальна площа: 75 / 35 / 15 м².,Петропавлівська
Матеріал: кирпичные та загальна площа: 78 / 50 / 10 м².,Дніпровська
Матеріал: кирпичные та загальна площа: 126 / 64.6 / 20.8 м².,Саксаганського
Матеріал: <span>2 ноября 2020 г.</span> та загальна площа: 93 / 50 / 13 м².,Івана Мазепи
Матеріал: панельные та загальна площа: 63 / 32 / 12 м².,Дніпровська
Матеріал: монолитно-каркасные та загальна площа: 44 / 25 / 4 м².,Ділова
Матеріал: 0 та загальна площа: 67.92 / 28.54 / 17.16 м².,Новодарницька
Матеріал: монолитно-каркасные та загальна площа: 52 / 21 / 14 м².,Ревуцького
Матеріал: монолитно-каркасные та загальна площа: 99 / 48.1 / 15.3 м².,Липківського
Матеріал: кирпичные та загальна площа: 96 / 50 / 17 м².,Бендукідзе
Матеріал: 0 та загальна площа: 65 м².,Введенська
Матеріал: монолитно-каркасные та загальна площа: 50 / - / 21 м².,Виноградний
Матеріал: утепленная панель та загальна площа: 76 / 41 / 9 м².,Кайсарова
Матеріал: монолитно-каркасные та загальна площа: 45.3 м².,Ахматової
Матеріал: кирпичные та загальна площа: 99 / 50 / 25 м².,Радченка
Матеріал: <span>31 января</span> та загальна площа: 74.7 / 53.2 / - м².,Дніпровська
Матеріал: монолитно-каркасные та загальна площа: 59 м².,Ділова
Матеріал: утепленная панель та загальна площа: 73 / 42 / 8 м².,Бориспільська
Матеріал: <span>25 ноября 2020 г.</span> та загальна площа: 62 / - / 20 м².,Болсуновська
Матеріал: кирпичные та загальна площа: 76 / 50 / 10 м².,Українки
Матеріал: монолитно-каркасные та загальна площа: 76 / 20 / 6 м².,Антонова
Матеріал: кирпичные та загальна площа: 210 / 69 / 15 м².,Науки
Матеріал: кирпичные та загальна площа: 33 / 18 / 7 м².,Метрологічна
Матеріал: 0 та загальна площа: 66.8 / 17.96 / 10.36 м².,Дружби Народів
Матеріал: монолитно-каркасные та загальна площа: 62 / 40 / 10 м².,*** not found
Матеріал: монолитно-каркасные та загальна площа: 102.1 / 65.8 / 13.9 м².,Драгомирова
Матеріал: утепленная панель та загальна площа: 110 / 54 / 13 м².,Данченка
Матеріал: утепленная панель та загальна площа: 51 / 31 / 8 м².,Кримська
Матеріал: кирпичные та загальна площа: 44 / 30 / 7 м².,Новопольова
Матеріал: монолитно-каркасные та загальна площа: 91 / 44 / 21 м².,Туполєва
Матеріал: 0 та загальна площа: 28 / 17 / 5 м².,*** not found
Матеріал: <span>7 декабря 2020 г.</span> та загальна площа: 56 м².,Дніпровська
Матеріал: кирпичные та загальна площа: 67.3 / 39.7 / 7 м².,Перемоги
Матеріал: кирпичные та загальна площа: 100 / 45 / 30 м².,Івана Федорова
Матеріал: кирпичные та загальна площа: 82 / 50 / 11 м².,Братиславська
Матеріал: монолитно-каркасные та загальна площа: 122 м².,*** not found
Матеріал: монолитно-каркасные та загальна площа: 45 / 19 / 15 м².,Червоноткацька
Матеріал: монолитно-каркасные та загальна площа: 75 м².,Златоустівська
Матеріал: <span>26 января</span> та загальна площа: 34 / - / 18 м².,Бойченка
Матеріал: 0 та загальна площа: 46 / 30 / 6 м².,Трускавецька
Матеріал: монолитно-каркасные та загальна площа: 100 / 46.7 / 17 м².,Каховська
Матеріал: монолитно-каркасные та загальна площа: 99 / 60 / 15 м².,Лобановського
Матеріал: кирпичные та загальна площа: 75 / 41 / 9 м².,*** not found
Матеріал: монолитно-каркасные та загальна площа: 62 м².,Курчатова
Матеріал: монолитно-каркасные та загальна площа: 76 / 20 / 6 м².,Голосіївська
Матеріал: кирпичные та загальна площа: 210 / 69 / 15 м².,Тираспольська
Матеріал: кирпичные та загальна площа: 33 / 18 / 7 м².,Лаврська
Матеріал: 0 та загальна площа: 66.8 / 17.96 / 10.36 м².,Правди
Матеріал: монолитно-каркасные та загальна площа: 62 / 40 / 10 м².,Миколайчука
Матеріал: монолитно-каркасные та загальна площа: 102.1 / 65.8 / 13.9 м².,Порика
Матеріал: утепленная панель та загальна площа: 110 / 54 / 13 м².,Червоноткацька
Матеріал: утепленная панель та загальна площа: 51 / 31 / 8 м².,Маккейна
Матеріал: кирпичные та загальна площа: 44 / 30 / 7 м².,Йорданська
Матеріал: монолитно-каркасные та загальна площа: 91 / 44 / 21 м².,Тютюнника
Матеріал: 0 та загальна площа: 28 / 17 / 5 м².,Регенераторна
Матеріал: <span>7 декабря 2020 г.</span> та загальна площа: 56 м².,Зарічна
Матеріал: кирпичные та загальна площа: 67.3 / 39.7 / 7 м².,Заболотного
Матеріал: кирпичные та загальна площа: 100 / 45 / 30 м².,Курнатовського
Матеріал: кирпичные та загальна площа: 82 / 50 / 11 м².,Інститутська
Матеріал: монолитно-каркасные та загальна площа: 122 м².,Маланюка
Матеріал: монолитно-каркасные та загальна площа: 45 / 19 / 15 м².,Гречка
Матеріал: монолитно-каркасные та загальна площа: 75 м².,Липківського
Матеріал: <span>26 января</span> та загальна площа: 34 / - / 18 м².,Маккейна
Матеріал: 0 та загальна площа: 46 / 30 / 6 м².,Григоренка
Матеріал: монолитно-каркасные та загальна площа: 100 / 46.7 / 17 м².,Коновальця
Матеріал: монолитно-каркасные та загальна площа: 99 / 60 / 15 м².,Закревського
Матеріал: кирпичные та загальна площа: 75 / 41 / 9 м².,*** not found
Матеріал: монолитно-каркасные та загальна площа: 62 м².,Старонаводницька
Матеріал: кирпичные та загальна площа: 72 / 42 / 16 м².,Маланюка
Матеріал: монолитно-каркасные та загальна площа: 116.3 / 58 / 24 м².,Заньковецької
Матеріал: монолитно-каркасные та загальна площа: 159 м².,Кудрявська
Матеріал: кирпичные та загальна площа: 76 / 58 / 9 м².,
Матеріал: утепленная панель та загальна площа: 47.32 / 27 / 9 м².,Українки
Матеріал: кирпичные та загальна площа: 44 / 30 / 7 м².,
Матеріал: монолитно-каркасные та загальна площа: 95 / 45 / 20 м².,Милославська
Матеріал: монолитно-каркасные та загальна площа: 240 / 180 / 20 м².,Донця
Матеріал: <span>20 февраля 2020 г.</span> та загальна площа: 36 / 21 / 14 м².,Верховинця
Матеріал: кирпичные та загальна площа: 50 / - / 20 м².,Героїв Дніпра
Матеріал: <span>28 декабря 2020 г.</span> та загальна площа: 71 / 32 / 17 м².,Каховська
Матеріал: 0 та загальна площа: 60.51 / 16 / 24.9 м².,Каховська
Матеріал: <span>22 сентября 2019 г.</span> та загальна площа: 80.66 / 42 / 19.8 м².,Вишняківська
Матеріал: монолитно-каркасные та загальна площа: 123 / 75 / 15 м².,Липська
Матеріал: утепленная панель та загальна площа: 74 / 29.5 / 14.4 м².,Сверстюка
Матеріал: монолитно-каркасные та загальна площа: 81 / 31 / 25 м².,Драгомирова
Матеріал: утепленная панель та загальна площа: 43 / 18 / 10 м².,Причальна
Матеріал: <span>12 февраля</span> та загальна площа: 84 / 40 / 8.9 м².,Болсуновська
Матеріал: монолитно-каркасные та загальна площа: 46 м².,Повітрофлотський
Матеріал: панельные та загальна площа: 55 / 18 / 12 м².,Драгоманова
Матеріал: монолитно-каркасные та загальна площа: 136 / 80 / 16 м².,Григоренка
Матеріал: 0 та загальна площа: 21.31 / 15 / 5 м².,Дніпровська
Матеріал: 0 та загальна площа: 136 / 50 / 34 м².,Жабаєва
Матеріал: монолитно-каркасные та загальна площа: 41 / - / 10 м².,Філатова
Матеріал: монолитно-каркасные та загальна площа: 71 / 33.1 / 14.9 м².,Правди
Матеріал: кирпичные та загальна площа: 57 / 20 / 33 м².,Малопідвальна
Матеріал: кирпичные та загальна площа: 149 / 87 / 16 м².,Бойчука
Матеріал: монолитно-каркасные та загальна площа: 50 / 17 / 15 м².,Зарічна
Матеріал: панельные та загальна площа: 75 / 46 / 11 м².,Предславинська
Матеріал: монолитно-каркасные та загальна площа: 92 м².,Івана Мазепи
Матеріал: утепленная панель та загальна площа: 60 / 30 / 11.1 м².,Радченка
Матеріал: 0 та загальна площа: 70.99 / 47.72 / 11.26 м².,Лабораторний
Матеріал: 0 та загальна площа: 60.51 / 16 / 24.9 м².,Конєва
Матеріал: <span>6 июня 2020 г.</span> та загальна площа: 55 / - / 16 м².,Шаповала
Матеріал: монолитно-каркасные та загальна площа: 83 / 48 / 12 м².,Дніпровська
Матеріал: монолитно-каркасные та загальна площа: 55 / 20 / 14 м².,Клеманська
Матеріал: <span>4 ноября 2020 г.</span> та загальна площа: 36 / - / 10 м².,Григоренка
Матеріал: кирпичные та загальна площа: 65 / 40 / 8 м².,Туполєва
Матеріал: монолитно-каркасные та загальна площа: 112 / 43 / 26 м².,Хмельницького
Матеріал: монолитно-каркасные та загальна площа: 50 / 32.1 / 10 м².,Саперне Поле
Матеріал: <span>18 февраля</span> та загальна площа: 68 / 28.78 / 19.58 м².,Героїв Сталінграда
Матеріал: монолитно-каркасные та загальна площа: 85 / 42 / 18 м².,Дніпровська
Матеріал: утепленная панель та загальна площа: 51 / 30 / 7 м².,Тарасівська
Матеріал: <span>30 июня 2020 г.</span> та загальна площа: 46 / 22 / 16 м².,Краківська
Матеріал: монолитно-каркасные та загальна площа: 207 / 95 / 48 м².,Юнацька
Матеріал: монолитно-каркасные та загальна площа: 130 / 73 / 14 м².,Клеманська
Матеріал: монолитно-каркасные та загальна площа: 81 / 40 / 15 м².,Героїв Сталінграда
Матеріал: <span>6 мая 2020 г.</span> та загальна площа: 41 / 13 / 17 м².,Драгомирова
Матеріал: монолитно-каркасные та загальна площа: 50 / 29 / 21 м².,*** not found
Матеріал: кирпичные та загальна площа: 54 / 41 / 6 м².,Драгоманова
Матеріал: 0 та загальна площа: 83 / - / 13 м².,Українки
Матеріал: кирпичные та загальна площа: 81 / 50 / 9 м².,Тимошенка
Матеріал: кирпичные та загальна площа: 44 / 30 / 6 м².,Маяковського
Матеріал: монолитно-каркасные та загальна площа: 90 / 47 / 14 м².,Дмитрівська
Матеріал: 0 та загальна площа: 79 / - / 14 м².,Курбаса
Матеріал: 0 та загальна площа: 43 / 13.61 / 16.84 м².,Комарова
Матеріал: кирпичные та загальна площа: 51 / 29 / 8 м².,Драгоманова
Матеріал: монолитно-каркасные та загальна площа: 126.1 / 75.2 / 17 м².,Драгомирова
Матеріал: утепленная панель та загальна площа: 54.9 / 29 / 8.5 м².,Моторний
Матеріал: монолитно-каркасные та загальна площа: 110 / 52 / 13 м².,Милославська
Матеріал: монолитно-каркасные та загальна площа: 106 / 46.5 / 34.2 м².,Бойчука
Матеріал: кирпичные та загальна площа: 72 / 47 / 9 м².,Закревського
Матеріал: <span>9 февраля</span> та загальна площа: 122 м².,Івана Федорова
Матеріал: <span>21 января</span> та загальна площа: 67 / - / 12 м².,Філатова
Матеріал: кирпичные та загальна площа: 273 / 240 / 27 м².,Перемоги
Матеріал: кирпичные та загальна площа: 83 / 48 / 13 м².,Миропільська
Матеріал: <span>27 января</span> та загальна площа: 45 / 17 / 13 м².,Григоренка
Матеріал: 0 та загальна площа: 74.6 м².,Юнацька
Матеріал: <span>29 июля 2020 г.</span> та загальна площа: 26.9 м².,Вишгородська
Матеріал: 0 та загальна площа: 49 / 15 / 25 м².,Жолудєва
Матеріал: монолитно-каркасные та загальна площа: 84.1 / 41.8 / 9.4 м².,Павлівська
Матеріал: кирпичные та загальна площа: 183 / 103 / 42 м².,Голосіївський
Матеріал: монолитно-каркасные та загальна площа: 48.3 / 20.8 / 11 м².,Осокорська
Матеріал: монолитно-каркасные та загальна площа: 76 / 20 / 6 м².,Вишгородська
Матеріал: монолитно-каркасные та загальна площа: 160 м².,Драгомирова
Матеріал: монолитно-каркасные та загальна площа: 40.82 / 10.28 / 15.42 м².,Тютюнника
Матеріал: кирпичные та загальна площа: 59.5 / 26.9 / 13.9 м².,Маккейна
Матеріал: 0 та загальна площа: 73 / 29 / 11 м².,Івана Мазепи
Матеріал: <span>21 декабря 2020 г.</span> та загальна площа: 46.79 / 14.6 / 18.43 м².,Героїв Сталінграда
Матеріал: панельные та загальна площа: 44 / 18 / 13 м².,Липківського
Матеріал: кирпичные та загальна площа: 75 / 35.6 / 17.3 м².,*** not found
Матеріал: монолитно-каркасные та загальна площа: 60 / 21 / 15 м².,Коновальця
Матеріал: кирпичные та загальна площа: 34 / 18 / 7 м².,Максимовича
Матеріал: 0 та загальна площа: 65 / 41 / 8 м².,Зарічна
Матеріал: монолитно-каркасные та загальна площа: 190 м².,Голосіївська
Матеріал: кирпичные та загальна площа: 240 / 78 / 25 м².,Ясинуватський
Матеріал: монолитно-каркасные та загальна площа: 85 м².,*** not found
Матеріал: монолитно-каркасные та загальна площа: 48 / 36 / 6 м².,Колоса
Матеріал: монолитно-каркасные та загальна площа: 75 / 39.6 / 15.5 м².,Правди
Матеріал: кирпичные та загальна площа: 60 / 38 / 20 м².,Велика Васильківська
Матеріал: утепленная панель та загальна площа: 49.7 / 19 / 12.2 м².,Голосіївський
Матеріал: панельные та загальна площа: 47.18 / 31 / 5.8 м².,*** not found
Матеріал: монолитно-каркасные та загальна площа: 50 / 18 / 26 м².,Бойчука
Матеріал: монолитно-каркасные та загальна площа: 71 м².,Центральна
Матеріал: <span>9 февраля</span> та загальна площа: 30.34 / 13 / 5 м².,Ясинуватський
Матеріал: утепленная панель та загальна площа: 68 / 36 / 12 м².,Райдужна
Матеріал: кирпичные та загальна площа: 44 м².,Ломоносова
Матеріал: монолитно-каркасные та загальна площа: 48 / 13.4 / 18.2 м².,
Матеріал: <span>22 декабря 2020 г.</span> та загальна площа: 46 м².,*** not found
Матеріал: <span>16 февраля</span> та загальна площа: 63.9 / 28.3 / 18.6 м².,Гусовського
Матеріал: кирпичные та загальна площа: 92.48 / 62.5 / 10.9 м².,Окіпної
Матеріал: монолитно-каркасные та загальна площа: 63 м².,Багговутівська
Матеріал: утепленная панель та загальна площа: 71 / 42 / 7 м².,Дружби Народів
Матеріал: панельные та загальна площа: 35 / 13 / 11 м².,Маккейна
Матеріал: <span>25 января</span> та загальна площа: 48 / 35 / 13 м².,Маланюка
Матеріал: монолитно-каркасные та загальна площа: 56 / 27.2 / 11.8 м².,Михайла Котельникова
Матеріал: монолитно-каркасные та загальна площа: 206 м².,Героїв Севастополя
Матеріал: монолитно-каркасные та загальна площа: 172 / 93 / 13 м².,Маланюка
Матеріал: 0 та загальна площа: 45 / 22 / 8 м².,Саперне Поле
Матеріал: монолитно-каркасные та загальна площа: 85 / 45 / 15 м².,Балтійський
Матеріал: 0 та загальна площа: 49 / 17 / 16 м².,Кудрявська
Матеріал: монолитно-каркасные та загальна площа: 193 / 80 / 24 м².,Перемоги
Матеріал: 0 та загальна площа: 41.3 / 26 / 6 м².,Німанська
Матеріал: кирпичные та загальна площа: 43 / 31 / 6 м².,Каховська
Матеріал: кирпичные та загальна площа: 350 / 178 / 30 м².,Малопідвальна
Матеріал: 0 та загальна площа: 127 м².,Невська
Матеріал: 0 та загальна площа: 77.9 м².,Златоустівська
Матеріал: монолитно-каркасные та загальна площа: 180 / 86.6 / 28.6 м².,
Матеріал: <span>16 ноября 2020 г.</span> та загальна площа: 54.54 / 15.08 / 15.18 м².,Берковецька
Матеріал: 0 та загальна площа: *** not found .,Бажана
Матеріал: кирпичные та загальна площа: 60 / 40 / 8 м².,Антоновича
Матеріал: панельные та загальна площа: 60 / 40.6 / 7 м².,*** not found
Матеріал: <span>9 июля 2020 г.</span> та загальна площа: 174 / 95 / 18 м².,Гречка
Матеріал: утепленная панель та загальна площа: 73 / 29 / 14 м².,Микільсько-Слобідська
Матеріал: <span>1 февраля</span> та загальна площа: 93 / 52 / 13 м².,Правди
Матеріал: утепленная панель та загальна площа: 73.2 / 42.3 / 9.4 м².,Тимошенка
Матеріал: монолитно-каркасные та загальна площа: 140 / 80 / 16 м².,Павла Тичини
Матеріал: монолитно-каркасные та загальна площа: 50 / 18 / 12 м².,Олевська
Матеріал: утепленная панель та загальна площа: 88 / 46 / 12 м².,Освіти
Матеріал: <span>4 февраля</span> та загальна площа: 47.8 / 15.6 / 17.8 м².,Іллєнка
Матеріал: монолитно-каркасные та загальна площа: 43 / 20 / 12 м².,Дніпровська
Матеріал: кирпичные та загальна площа: 72 / 42 / 7 м².,Івана Мазепи
Матеріал: монолитно-каркасные та загальна площа: 247 м².,Українки
Матеріал: монолитно-каркасные та загальна площа: 250 / 170 / 27 м².,Данченка
Матеріал: 0 та загальна площа: 67 / 32 / 13 м².,Драгомирова
Матеріал: утепленная панель та загальна площа: 81 / 34.19 / 15.69 м².,Тбіліський
Матеріал: панельные та загальна площа: 33 м².,Каховська
Матеріал: монолитно-каркасные та загальна площа: 58.3 / 18 / 26 м².,Ушинського
Матеріал: монолитно-каркасные та загальна площа: 93 / 50 / 34 м².,Урлівська
Матеріал: монолитно-каркасные та загальна площа: 109 / 56 / 15 м².,Світлицького
Матеріал: монолитно-каркасные та загальна площа: 70.05 / 34.5 / 14 м².,Дніпровська
Матеріал: кирпичные та загальна площа: 55 / 30 / 8 м².,Липківського
Матеріал: 0 та загальна площа: 88 / 41 / 24 м².,Микільсько-Слобідська
Матеріал: кирпичные та загальна площа: 44.2 / 31.4 / 6.1 м².,Лобановського
Матеріал: монолитно-каркасные та загальна площа: 150 / 91 / 20 м².,Героїв Сталінграда
Матеріал: 0 та загальна площа: 87 / 61 / 25 м².,Дніпровська
Матеріал: монолитно-каркасные та загальна площа: 275 / 150 / 40 м².,Драгоманова
Матеріал: 0 та загальна площа: 80 / 56 / 7 м².,Ахматової
Матеріал: монолитно-каркасные та загальна площа: 54 / 22 / 11 м².,Саперне Поле
Матеріал: 0 та загальна площа: 43 / 14 / 16 м².,Данченка
Матеріал: утепленная панель та загальна площа: 94 / 47 / 14 м².,Голосіївський
Матеріал: монолитно-каркасные та загальна площа: 42 / 15 / 12 м².,*** not found
Матеріал: 0 та загальна площа: 33.8 / 17.5 / 7.2 м².,Глибочицька
Матеріал: монолитно-каркасные та загальна площа: 116 / 55 / 16 м².,Багговутівська
Матеріал: <span>4 февраля</span> та загальна площа: 76 / 33 / 17 м².,Саксаганського
Матеріал: 0 та загальна площа: 59 / 40 / 8 м².,Моторний
Матеріал: кирпичные та загальна площа: 200 / 68 / 66 м².,Йорданська
Матеріал: монолитно-каркасные та загальна площа: 70 / 15.7 / 31.3 м².,Саперне Поле
Матеріал: утепленная панель та загальна площа: 75.5 / 40.6 / 8.5 м².,Вернадського
Матеріал: кирпичные та загальна площа: 150 / 120 / 15 м².,Курбаса
Матеріал: монолитно-каркасные та загальна площа: 162 / 86 / 25 м².,Багговутівська
Матеріал: кирпичные та загальна площа: 45 / 18 / 10 м².,Набережно-Рибальська
Матеріал: 0 та загальна площа: 62 / 27 / 17 м².,Саксаганського
Матеріал: кирпичные та загальна площа: 75 / 45 / 10 м².,Малиновського
Матеріал: монолитно-каркасные та загальна площа: 90.4 / 42 / 25 м².,Протасів Яр
Матеріал: монолитно-каркасные та загальна площа: 70 / 37 / 15 м².,Німанська
Матеріал: панельные та загальна площа: 95 / 53 / 11 м².,Підвисоцького
Матеріал: монолитно-каркасные та загальна площа: 555 м².,Зодчих
Матеріал: <span>19 января</span> та загальна площа: 37.62 / 15.3 / 12.5 м².,Рокосовського
Матеріал: кирпичные та загальна площа: 93 / 31 / 53 м².,Шовковична
Матеріал: 0 та загальна площа: 55 / 22 / 11 м².,Крушельницької
Матеріал: <span>25 января</span> та загальна площа: 102 м².,Новопольова
Матеріал: монолитно-каркасные та загальна площа: 94 / 53.22 / 11.78 м².,Визволителів
Матеріал: <span>29 октября 2020 г.</span> та загальна площа: 41 / 18 / 10 м².,Сонячна
Матеріал: <span>17 февраля</span> та загальна площа: 77.5 / 60 / 24 м².,Сікорського
Матеріал: монолитно-каркасные та загальна площа: 87.98 / 53.21 / 8.58 м².,Радченка
Матеріал: <span>19 октября 2020 г.</span> та загальна площа: 65.91 / 28.74 / 9.89 м².,Бульварно-Кудрявська
Матеріал: <span>28 января</span> та загальна площа: 67 / 30 / 20 м².,Кайсарова
Матеріал: 0 та загальна площа: 127.24 / 71.2 / 21.13 м².,Дніпровська
Матеріал: утепленная панель та загальна площа: 31 / 15 / 7 м².,Перова
Матеріал: <span>18 февраля</span> та загальна площа: 87 / 40.24 / 17.4 м².,Глушкова
Матеріал: <span>17 сентября 2020 г.</span> та загальна площа: 82 м².,Рокосовського
Матеріал: утепленная панель та загальна площа: 50 / 20 / 9 м².,Саперно-Слобідська
Матеріал: <span>15 января</span> та загальна площа: 40 / 16 / 12 м².,Миколи Кибальчича
Матеріал: кирпичные та загальна площа: 70 / 48 / 7 м².,Миколи Ушакова
Матеріал: монолитно-каркасные та загальна площа: 75 / 31 / 26 м².,Антоновича
Матеріал: монолитно-каркасные та загальна площа: 96 / 53 / 14 м².,Богданівська
Матеріал: монолитно-каркасные та загальна площа: 56 / 27.2 / 11.8 м².,
Матеріал: монолитно-каркасные та загальна площа: 43 м².,Сверстюка
Матеріал: монолитно-каркасные та загальна площа: 119 м².,Ревуцького
Матеріал: кирпичные та загальна площа: 43 / 29 / 7 м².,Ованеса Туманяна
Матеріал: кирпичные та загальна площа: 22 / 12.3 / 3.5 м².,Саперне Поле
Матеріал: монолитно-каркасные та загальна площа: 105 / 57 / 16 м².,Григоренка
Матеріал: кирпичные та загальна площа: 44 / 30 / 6 м².,Гречка
Матеріал: монолитно-каркасные та загальна площа: 69 / 33 / 13 м².,Богатирська
Матеріал: 0 та загальна площа: 45 м².,Білоруська
Матеріал: <span>2 ноября 2020 г.</span> та загальна площа: 95 / 45 / 20 м².,Регенераторна
Матеріал: кирпичные та загальна площа: 28 / 16 / 6 м².,Вишняківська
Матеріал: <span>28 декабря 2020 г.</span> та загальна площа: 40 / 18 / 13 м².,Гонгадзе
Матеріал: монолитно-каркасные та загальна площа: 161 / 101 / 10.9 м².,Правди
Матеріал: 0 та загальна площа: 100 м².,Кольцова
Матеріал: 0 та загальна площа: 65 м².,Воскресенська
Матеріал: кирпичные та загальна площа: 213 / 150 / 40 м².,Руставелі
Матеріал: панельные та загальна площа: 62 / 35 / 8 м².,Голосіївський
Матеріал: 0 та загальна площа: 63 / 27 / 17 м².,Комбінатна
Матеріал: кирпичные та загальна площа: 90 / - / 15 м².,Салютна
Матеріал: 0 та загальна площа: 39 м².,Маланюка
Матеріал: кирпичные та загальна площа: 73 / 37 / 15 м².,Ромоданова
Матеріал: утепленная панель та загальна площа: 34 / 19 / 7 м².,Саперне Поле
Матеріал: <span>8 октября 2020 г.</span> та загальна площа: 50 / 19 / 14 м².,Сім’ї Кульженків
Матеріал: панельные та загальна площа: 39 / 27 / 6 м².,Лабораторна
Матеріал: монолитно-каркасные та загальна площа: 55 / 25 / 16 м².,Драгоманова
Матеріал: <span>16 февраля</span> та загальна площа: 58 / 26 / 13 м².,
Матеріал: 0 та загальна площа: 52 м².,Кудрявська
Матеріал: монолитно-каркасные та загальна площа: 92 / 50 / 27 м².,Краківська
Матеріал: панельные та загальна площа: 68 / 33 / 15 м².,Кольцова
Матеріал: <span>22 августа 2020 г.</span> та загальна площа: 84.7 / 37.23 / 17.56 м².,Антоновича
Матеріал: монолитно-каркасные та загальна площа: 65 / 15 / 25 м².,Лариси Руденко
Матеріал: монолитно-каркасные та загальна площа: 145 / 73 / 15 м².,Івана Пулюя
Матеріал: монолитно-каркасные та загальна площа: 58 / 32 / 14 м².,Українки
Матеріал: утепленная панель та загальна площа: 76 / 43 / 8.5 м².,Тютюнника
Матеріал: <span>5 октября 2020 г.</span> та загальна площа: 46 / 18 / 13 м².,Юрія Смолича
Матеріал: монолитно-каркасные та загальна площа: 88 / 62 / 10 м².,Оболонський
Матеріал: утепленная панель та загальна площа: 93.3 / 46.7 / 14.1 м².,Курбаса
Матеріал: <span>14 августа 2020 г.</span> та загальна площа: 41.6 / 18 / 13 м².,Верховинця
Матеріал: монолитно-каркасные та загальна площа: 58 / 16.3 / 18 м².,Зарічна
Матеріал: <span>2 ноября 2020 г.</span> та загальна площа: 52 / - / 17.78 м².,Дніпровська
Матеріал: монолитно-каркасные та загальна площа: 70 / 35 / 13 м².,Коломийський
Матеріал: монолитно-каркасные та загальна площа: 65 / 32 / 12.3 м².,Правди
Матеріал: монолитно-каркасные та загальна площа: 47 м².,Каховська
Матеріал: утепленная панель та загальна площа: 79 / 36 / 12 м².,Бойчука
Матеріал: кирпичные та загальна площа: 34 / 18 / 7 м².,Правди
Матеріал: монолитно-каркасные та загальна площа: 98 / 42.6 / 16 м².,Маккейна
Матеріал: монолитно-каркасные та загальна площа: 50 / 22 / 13 м².,Перемоги
Матеріал: монолитно-каркасные та загальна площа: 70 / 35 / 12 м².,Грушевського
Матеріал: панельные та загальна площа: 45 / 30 / 6 м².,Срібнокільська
Матеріал: монолитно-каркасные та загальна площа: 150 / 90 / 20 м².,Перемоги
Матеріал: монолитно-каркасные та загальна площа: 66 / 32 / 14 м².,Урлівська
Матеріал: <span>4 декабря 2020 г.</span> та загальна площа: 65 / 33 / 12 м².,Заболотного
Матеріал: 0 та загальна площа: 130 / 73 / 20 м².,Максимовича
Матеріал: монолитно-каркасные та загальна площа: 70 м².,Бажана
Матеріал: 0 та загальна площа: 60 / 28 / 10 м².,Сікорського
Матеріал: 0 та загальна площа: 78 / 37 / 13 м².,Курбаса
Матеріал: монолитно-каркасные та загальна площа: 53 м².,Дніпровська
Матеріал: монолитно-каркасные та загальна площа: 65 / 40 / 18 м².,Драгомирова
Матеріал: кирпичные та загальна площа: 87.3 / 52.3 / 7.9 м².,
Матеріал: утепленная панель та загальна площа: 69 / 42 / 7 м².,Антонова
Матеріал: 0 та загальна площа: 61 м².,Бучми
Матеріал: монолитно-каркасные та загальна площа: 81 м².,Кубанської України
Матеріал: кирпичные та загальна площа: 57 / 30 / 6 м².,Дніпровська
Матеріал: утепленная панель та загальна площа: 48 / 18 / 12 м².,Панельна
Матеріал: <span>7 декабря 2020 г.</span> та загальна площа: 47 / 14 / 20 м².,Коновальця
Матеріал: кирпичные та загальна площа: 93 / 38 / 10.2 м².,Богатирська
Матеріал: 0 та загальна площа: 49 м².,Оболонський
Матеріал: 0 та загальна площа: 66.25 / 31 / 19 м².,Українки
Матеріал: кирпичные та загальна площа: 72 / 41 / 16 м².,Бориса Гмирі
Матеріал: кирпичные та загальна площа: 65 / 50 / 8 м².,Правди
Матеріал: 0 та загальна площа: 49 / 18 / 9.8 м².,Центральна
Матеріал: 0 та загальна площа: 31 м².,Преображенська
Матеріал: <span>17 февраля</span> та загальна площа: 41 / 16 / - м².,Коновальця
Матеріал: <span>12 января</span> та загальна площа: 53 / - / 21 м².,Українки
Матеріал: монолитно-каркасные та загальна площа: 77 / 30 / 15 м².,*** not found
Матеріал: монолитно-каркасные та загальна площа: 100 / 39.7 / 14.4 м².,Велика Васильківська
Матеріал: 0 та загальна площа: 55 / 24 / 19 м².,Липківського
Матеріал: утепленная панель та загальна площа: 58 / 32 / 8 м².,Бойчука
Матеріал: 0 та загальна площа: 52 м².,Васильківська
Матеріал: монолитно-каркасные та загальна площа: 312 м².,Данькевича
Матеріал: панельные та загальна площа: 87 / 57 / 15 м².,Богатирська
Матеріал: 0 та загальна площа: 145 / 80 / 45 м².,Українки
Матеріал: монолитно-каркасные та загальна площа: 50 / 15 / 20 м².,Гречка
Матеріал: монолитно-каркасные та загальна площа: 125 / 64 / 15 м².,Редутна
Матеріал: <span>10 декабря 2020 г.</span> та загальна площа: 43 / 14 / 17 м².,Бориса Гмирі
Матеріал: 0 та загальна площа: 130 / 73 / 20 м².,Драгомирова
Матеріал: монолитно-каркасные та загальна площа: 81 м².,Туполєва
Матеріал: монолитно-каркасные та загальна площа: 208 / 115 / 60 м².,Кондратюка
Матеріал: монолитно-каркасные та загальна площа: 306 / 204 / 19 м².,Мінський
Матеріал: монолитно-каркасные та загальна площа: 54 / 22 / 14 м².,Княжий Затон
Матеріал: утепленная панель та загальна площа: 105 / 42 / 17 м².,Герцена
Матеріал: <span>12 января</span> та загальна площа: 69 м².,Балтійський
Матеріал: монолитно-каркасные та загальна площа: 66 / 20 / 33 м².,Ернста
Матеріал: монолитно-каркасные та загальна площа: 67 / 39 / 10 м².,Шаповала
Матеріал: монолитно-каркасные та загальна площа: 46 / 28 / 12 м².,Городецького
Матеріал: монолитно-каркасные та загальна площа: 104 / 55 / 12 м².,Сім'ї Сосніних
Матеріал: панельные та загальна площа: 55 / - / 12 м².,Івана Мазепи
Матеріал: монолитно-каркасные та загальна площа: 92 / 50 / 27 м².,Червоноткацька
Матеріал: кирпичные та загальна площа: 86 / 53 / 12 м².,*** not found
Матеріал: монолитно-каркасные та загальна площа: 87 / 50 / 15 м².,Голосіївська
Матеріал: утепленная панель та загальна площа: 43.2 / 18 / 10 м².,*** not found
Матеріал: монолитно-каркасные та загальна площа: 86.74 / 41.89 / 20.89 м².,Миколи Гулака
Матеріал: <span>2 июля 2020 г.</span> та загальна площа: 90.77 / 36.32 / 24.33 м².,Івана Федорова
Матеріал: монолитно-каркасные та загальна площа: 48.6 / 22.3 / 12 м².,Саперне Поле
Матеріал: <span>11 января</span> та загальна площа: 86.38 / 36.31 / 22.96 м².,Миколи Хвильового
Матеріал: утепленная панель та загальна площа: 51 / 30 / 8 м².,Паторжинського
Матеріал: кирпичные та загальна площа: 250 / 150 / 30 м².,Наумовича
Матеріал: кирпичные та загальна площа: 25 / - / 4 м².,Калнишевського
Матеріал: монолитно-каркасные та загальна площа: 42 / 20 / 16 м².,Дніпровська
Матеріал: <span>11 сентября 2017 г.</span> та загальна площа: 46 / 20 / 10 м².,Електриків
Матеріал: монолитно-каркасные та загальна площа: 127 / 80.7 / 15.3 м².,Солом'янська
Матеріал: <span>12 февраля</span> та загальна площа: 46 / 20.9 / 10.6 м².,Шевченка
Матеріал: утепленная панель та загальна площа: 66 / 23.8 / 18.2 м².,Озерна
Матеріал: монолитно-каркасные та загальна площа: 122.8 / 60.8 / 14.6 м².,Григоренка
Матеріал: монолитно-каркасные та загальна площа: 70 м².,Антонова
Матеріал: монолитно-каркасные та загальна площа: 81 / 42 / 15 м².,Голосіївський
Матеріал: утепленная панель та загальна площа: 54.9 / 29 / 8.5 м².,Комарова
Матеріал: утепленная панель та загальна площа: 41.3 / 19 / 7.7 м².,Борщагівська
Матеріал: кирпичные та загальна площа: 85 / 34.4 / 21 м².,Шевченка
Матеріал: монолитно-каркасные та загальна площа: 79 / 35 / 12 м².,Максимовича
Матеріал: кирпичные та загальна площа: 83 / 33.5 / 35 м².,Ковальський
Матеріал: 0 та загальна площа: 38 / 14.1 / 7.5 м².,Малевича
Матеріал: монолитно-каркасные та загальна площа: 160 / 98 / 14 м².,Мічуріна
Матеріал: кирпичные та загальна площа: 37 / 19 / 9 м².,*** not found
Матеріал: кирпичные та загальна площа: 198.3 / 137 / 13 м².,Балтійський
Матеріал: монолитно-каркасные та загальна площа: 108 м².,Азербайджанська
Матеріал: утепленная панель та загальна площа: 150 / 106.5 / 15 м².,Зарічна
Матеріал: утепленная панель та загальна площа: 72 м².,Чавдар
Матеріал: кирпичные та загальна площа: 130.9 / 97.3 / 13.5 м².,Правди
Матеріал: монолитно-каркасные та загальна площа: 41 / 14 / 14 м².,Урлівська
Матеріал: монолитно-каркасные та загальна площа: 53 / 44 / 13 м².,Бориспільська
Матеріал: <span>30 января</span> та загальна площа: 43 / 16 / 12 м².,Поправки
Матеріал: панельные та загальна площа: 46.5 / 29 / 6 м².,Бориспільська
Матеріал: кирпичные та загальна площа: 71 / 34 / 11 м².,Ентузіастів
Матеріал: <span>11 января</span> та загальна площа: 56 / 29.25 / 10.6 м².,Малоземельна
Матеріал: монолитно-каркасные та загальна площа: 118 / 62.2 / 16 м².,Саксаганського
Матеріал: монолитно-каркасные та загальна площа: 80 / 40 / 12 м².,Героїв Сталінграда
Матеріал: кирпичные та загальна площа: 85 / 38 / 18 м².,Зодчих
Матеріал: монолитно-каркасные та загальна площа: 104 / 56 / 14 м².,Калнишевського
Матеріал: <span>24 октября 2020 г.</span> та загальна площа: 60.27 / 29.73 / 15.78 м².,Філатова
Матеріал: панельные та загальна площа: 47.3 / 30 / 7 м².,Старонаводницька
Матеріал: панельные та загальна площа: 31 / 16 / 6 м².,Заболотного
Матеріал: монолитно-каркасные та загальна площа: 90 / 47 / 13 м².,Правди
Матеріал: монолитно-каркасные та загальна площа: 104 / 65 / 25 м².,*** not found
Матеріал: монолитно-каркасные та загальна площа: 46 / 17 / 14 м².,Антоновича
Матеріал: монолитно-каркасные та загальна площа: 103 / 48 / 14 м².,Шаповала
Матеріал: утепленная панель та загальна площа: 38 м².,Івана Федорова
Матеріал: монолитно-каркасные та загальна площа: 111 / 66 / 17 м².,Деревлянська
Матеріал: монолитно-каркасные та загальна площа: 90 / 37.2 / 27.2 м².,Вільямса
Матеріал: <span>16 января</span> та загальна площа: 55.8 / 26.5 / 9.7 м².,Васильченка
Матеріал: монолитно-каркасные та загальна площа: 79 / 35 / 30 м².,Предславинська
Матеріал: <span>17 февраля</span> та загальна площа: 74 / - / 13 м².,Крайня
Матеріал: кирпичные та загальна площа: 46 м².,Милославська
Матеріал: 0 та загальна площа: 49 / 29.5 / 6 м².,Воскресенська
Матеріал: утепленная панель та загальна площа: 76 / 36 / 16 м².,Маланюка
Матеріал: монолитно-каркасные та загальна площа: 103 / 61 / 12 м².,Дніпровська
Матеріал: монолитно-каркасные та загальна площа: 46.5 / 15.5 / 17.5 м².,Пушкінська
Матеріал: 0 та загальна площа: 110 / - / 30 м².,Набережно-Корчуватська
Матеріал: кирпичные та загальна площа: 70 / 46 / 7 м².,Зарічна
Матеріал: монолитно-каркасные та загальна площа: 95.09 / 52 / 18.7 м².,Тургенєвська
Матеріал: панельные та загальна площа: 60 / 41 / 7 м².,Радченка
Матеріал: утепленная панель та загальна площа: 93 / 46 / 12 м².,Зарічна
Матеріал: кирпичные та загальна площа: 130 / 68 / 18 м².,Метрологічна
Матеріал: монолитно-каркасные та загальна площа: 25 / 15 / 5 м².,Йорданська
Матеріал: монолитно-каркасные та загальна площа: 55 м².,Кольцова
Матеріал: кирпичные та загальна площа: 171 / 101 / 17 м².,Максимовича
Матеріал: <span>3 декабря 2020 г.</span> та загальна площа: 43 / 15.4 / 9 м².,Науки
Матеріал: монолитно-каркасные та загальна площа: 48 / 18 / 14 м².,Саперно-Слобідська
Матеріал: монолитно-каркасные та загальна площа: 87 м².,Шовковична
Матеріал: панельные та загальна площа: 53 / 34 / 8 м².,Трускавецька
Матеріал: кирпичные та загальна площа: 84 / 54 / 11 м².,Гавела
Матеріал: кирпичные та загальна площа: 46 / 27 / 7 м².,Повітрофлотський
Матеріал: монолитно-каркасные та загальна площа: 52 м².,Запорожця
Матеріал: монолитно-каркасные та загальна площа: 91 / 68 / 18 м².,Маккейна
Матеріал: 0 та загальна площа: 65 / 34 / 12 м².,Перемоги
Матеріал: 0 та загальна площа: 82 / - / 18 м².,Щербаківського
Матеріал: кирпичные та загальна площа: 88 / 60 / 10 м².,Зарічна
Матеріал: панельные та загальна площа: 41 / 25 / 7 м².,Будищанська
Матеріал: кирпичные та загальна площа: 150 / 120 / 15 м².,Жилянська
Матеріал: монолитно-каркасные та загальна площа: 73 / 35 / 13 м².,Комбінатна
Матеріал: монолитно-каркасные та загальна площа: 81 / - / 12 м².,Ревуцького
Матеріал: 0 та загальна площа: 50 / 15 / 16 м².,Бородіна
Матеріал: <span>8 октября 2020 г.</span> та загальна площа: 37 м².,Руставелі
Матеріал: монолитно-каркасные та загальна площа: 60 / - / 20 м².,Драгоманова
Матеріал: 0 та загальна площа: 30 м².,Преображенська
Матеріал: <span>3 февраля</span> та загальна площа: 63 / 31 / 23 м².,Депутатська
Матеріал: кирпичные та загальна площа: 213 / 150 / 40 м².,Багговутівська
Матеріал: монолитно-каркасные та загальна площа: 73.7 / 41 / 13.4 м².,*** not found
Матеріал: кирпичные та загальна площа: 45.1 / 28.8 / 6.4 м².,Сікорського
Матеріал: утепленная панель та загальна площа: 87 / 54 / 8.4 м².,Драгомирова
Матеріал: 0 та загальна площа: 68 м².,Коперніка
Матеріал: монолитно-каркасные та загальна площа: 103 / 60 / 25 м².,Васильківська
Матеріал: 0 та загальна площа: 79.97 / 34.01 / 24.86 м².,Глибочицька
Матеріал: <span>26 ноября 2020 г.</span> та загальна площа: 91 / 53.47 / 8 м².,Чавдар
Матеріал: монолитно-каркасные та загальна площа: 64 / - / 13 м².,Шовковична
Матеріал: 0 та загальна площа: 61 м².,Дніпровська
Матеріал: <span>18 февраля 2020 г.</span> та загальна площа: 94 / 36 / 30 м².,Антоновича
Матеріал: монолитно-каркасные та загальна площа: 111 м².,
Матеріал: монолитно-каркасные та загальна площа: 46 м².,Славгородська
Матеріал: монолитно-каркасные та загальна площа: 40 / 16 / 11 м².,Драгомирова
Матеріал: 0 та загальна площа: 70 / 36.97 / 13 м².,Срібнокільська
Матеріал: кирпичные та загальна площа: 84 / 55 / 9 м².,Харченка
Матеріал: 0 та загальна площа: 53 м².,Окіпної
Матеріал: монолитно-каркасные та загальна площа: 80 / 37 / 17 м².,Саперне Поле
Матеріал: монолитно-каркасные та загальна площа: 70 / 40 / 12 м².,Олени Теліги
Матеріал: <span>11 ноября 2020 г.</span> та загальна площа: 137 / 80 / 15 м².,Кондратюка
Матеріал: кирпичные та загальна площа: 51 / 15 / 18 м².,Мечнікова
Матеріал: монолитно-каркасные та загальна площа: 52 / 32 / 10 м².,Героїв Сталінграда
Матеріал: монолитно-каркасные та загальна площа: 248 / 150 / 48 м².,Рибальська
Матеріал: монолитно-каркасные та загальна площа: 52 / 41 / 10 м².,Березова
Матеріал: монолитно-каркасные та загальна площа: 74 / 40 / 25 м².,Саперне Поле
Матеріал: <span>28 октября 2020 г.</span> та загальна площа: 108 / - / 17 м².,Антоновича
Матеріал: кирпичные та загальна площа: 111.1 / 50.6 / 24.3 м².,Маккейна
Матеріал: 0 та загальна площа: 123.89 / 84 / 13 м².,Лейпцизька
Матеріал: <span>2 ноября 2020 г.</span> та загальна площа: 55 / 16 / 16 м².,Драгоманова
Матеріал: панельные та загальна площа: 67 / 40 / 8 м².,Коновальця
Матеріал: монолитно-каркасные та загальна площа: 70 / 45 / 20 м².,Василя Стуса
Матеріал: монолитно-каркасные та загальна площа: 88 / 48 / 24 м².,Тютюнника
Матеріал: 0 та загальна площа: 24 / 16 / 8 м².,Січових Стрільців
Матеріал: монолитно-каркасные та загальна площа: 42.8 / - / 9 м².,Райдужна
Матеріал: <span>4 февраля</span> та загальна площа: 96.19 / 47.06 / 15.88 м².,Закревського
Матеріал: монолитно-каркасные та загальна площа: 46 / 17 / 13 м².,Тургенєвська
Матеріал: монолитно-каркасные та загальна площа: 250 м².,Васильківська
Матеріал: монолитно-каркасные та загальна площа: 37 / 15 / 12 м².,Зої Космодем'янської
Матеріал: монолитно-каркасные та загальна площа: 51 м².,Радченка
Матеріал: монолитно-каркасные та загальна площа: 61 / 12 / 27 м².,Сверстюка
Матеріал: монолитно-каркасные та загальна площа: 110 / 70.5 / 11.1 м².,Милославська
Матеріал: 0 та загальна площа: 64 / 43 / 8.2 м².,Метрологічна
Матеріал: кирпичные та загальна площа: 32.1 / 21.6 / 4.9 м².,Деміївська
Матеріал: монолитно-каркасные та загальна площа: 110 / 52 / 13 м².,Перемоги
Матеріал: монолитно-каркасные та загальна площа: 51 м².,Вишгородська
Матеріал: монолитно-каркасные та загальна площа: 70 / 40 / 20 м².,Маккейна
Матеріал: 0 та загальна площа: 45 / 29 / 8 м².,
Матеріал: кирпичные та загальна площа: 74.2 / 40 / 21.1 м².,Перемоги
Матеріал: кирпичные та загальна площа: 70 / 35 / 8 м².,Балтійський
Матеріал: <span>вчера в 21:10</span> та загальна площа: 41.08 / 18 / 15 м².,Звіринецька
Матеріал: монолитно-каркасные та загальна площа: 80 / 47 / 9 м².,Ревуцького
Матеріал: монолитно-каркасные та загальна площа: 40 / 28 / 9 м².,Правди
Матеріал: монолитно-каркасные та загальна площа: 54 / 14 / 20 м².,Милославська
Матеріал: монолитно-каркасные та загальна площа: 98 / 58 / 30 м².,Вербицького
Матеріал: 0 та загальна площа: 185 / 90 / 18 м².,Новгородська
Матеріал: <span>12 февраля</span> та загальна площа: 48.75 / 14.61 / 18.47 м².,Бажана
Матеріал: <span>20 сентября 2020 г.</span> та загальна площа: 73 / - / 22 м².,Канівська
Матеріал: монолитно-каркасные та загальна площа: 110 м².,Максимовича
Матеріал: <span>16 декабря 2019 г.</span> та загальна площа: 40 / 16 / 12 м².,Донця
Матеріал: монолитно-каркасные та загальна площа: 165 м².,Драгомирова
Матеріал: утепленная панель та загальна площа: 74 / 41 / - м².,Тираспольська
Матеріал: монолитно-каркасные та загальна площа: 57 / 11 / 36 м².,Саксаганського
Матеріал: утепленная панель та загальна площа: 70 / 41 / 7.18 м².,Тираспольська
Матеріал: монолитно-каркасные та загальна площа: 86.72 м².,Зарічна
Матеріал: кирпичные та загальна площа: 78 м².,Гонгадзе
Матеріал: монолитно-каркасные та загальна площа: 58.7 / 16 / 23 м².,Українки
Матеріал: монолитно-каркасные та загальна площа: 92 / 49 / 14 м².,Світлицького
Матеріал: монолитно-каркасные та загальна площа: 54 / 22 / 11 м².,Воробйова
Матеріал: монолитно-каркасные та загальна площа: 85 / 40 / 30 м².,Каховська
Матеріал: 0 та загальна площа: 350 / 300 / 50 м².,Глибочицька
Матеріал: монолитно-каркасные та загальна площа: 80.1 / 42.5 / 11.5 м².,Білокур
Матеріал: монолитно-каркасные та загальна площа: 170 м².,Балтійський
Матеріал: кирпичные та загальна площа: 48 м².,Антоновича
Матеріал: панельные та загальна площа: 55 / 21.7 / 11 м².,Кондратюка
Матеріал: кирпичные та загальна площа: 230 / 115 / 31 м².,Гончара
Матеріал: <span>3 февраля</span> та загальна площа: 155.72 / 95 / 40 м².,Ревуцького
Матеріал: монолитно-каркасные та загальна площа: 81.6 / 37 / 17 м².,*** not found
Матеріал: монолитно-каркасные та загальна площа: 91.2 / 41 / 16.6 м².,Драгоманова
Матеріал: монолитно-каркасные та загальна площа: 120.3 / 62.6 / 18.4 м².,Сім’ї Кульженків
Матеріал: кирпичные та загальна площа: 29 м².,Панельна
Матеріал: кирпичные та загальна площа: 67 м².,Вільямса
Матеріал: панельные та загальна площа: 72 / 36 / 12 м².,Голосіївська
Матеріал: кирпичные та загальна площа: 55 / 12.9 / 24.7 м².,Оболонський
Матеріал: <span>15 июля 2020 г.</span> та загальна площа: 47.24 / - / 16 м².,Миколи Голего
Матеріал: 0 та загальна площа: 49.31 / 18 / 10 м².,Дніпровська
Матеріал: <span>18 февраля</span> та загальна площа: 62 / - / 13 м².,Малиновського
Матеріал: монолитно-каркасные та загальна площа: 130 / 86 / 13 м².,Назарівська
Матеріал: кирпичные та загальна площа: 67 / 42 / 10 м².,Гоголівська
Матеріал: 0 та загальна площа: 42 / 17 / 10 м².,Дорогожицька
Матеріал: кирпичные та загальна площа: 74 / 40 / 11 м².,Петропавлівська
Матеріал: кирпичные та загальна площа: 88 / 55 / 10 м².,Грушевського
Матеріал: монолитно-каркасные та загальна площа: 49 / 22 / 14 м².,Іллєнка
Матеріал: <span>9 декабря 2020 г.</span> та загальна площа: 42 / 20 / 14 м².,Липківського
Матеріал: утепленная панель та загальна площа: 49 м².,Ушинського
Матеріал: кирпичные та загальна площа: 55 / 28 / 8 м².,Польова
Матеріал: монолитно-каркасные та загальна площа: 42 / 16.2 / 11.3 м².,Саперне Поле
Матеріал: монолитно-каркасные та загальна площа: 142 / 78 / 18 м².,Панельна
Матеріал: монолитно-каркасные та загальна площа: 50 / - / 12 м².,Коновальця
Матеріал: панельные та загальна площа: 32 / 17 / 7 м².,Хмельницького
Матеріал: 0 та загальна площа: 44 / 16 / 14 м².,Маккейна
Матеріал: кирпичные та загальна площа: 52 / 30 / 7 м².,Антоновича
Матеріал: 0 та загальна площа: 156 / 81 / 20 м².,Толстого
Матеріал: 0 та загальна площа: 123 / 60 / 30 м².,Дружби Народів
Матеріал: монолитно-каркасные та загальна площа: 165 / 77 / 40 м².,Оболонський
Матеріал: монолитно-каркасные та загальна площа: 66 / 32 / 13.6 м².,Багговутівська
Матеріал: кирпичные та загальна площа: 82.2 / 43.2 / 26.9 м².,Антонова
Матеріал: <span>8 августа 2020 г.</span> та загальна площа: 41 / 23 / 6 м².,Володимирська
Матеріал: 0 та загальна площа: 42 / 28 / 6.5 м².,Українки
Матеріал: кирпичные та загальна площа: 61 / 41 / 5 м².,Сім’ї Кульженків
Матеріал: монолитно-каркасные та загальна площа: 80 / 30 / 20 м².,Коновальця
Матеріал: монолитно-каркасные та загальна площа: 119 м².,Мирного
Матеріал: монолитно-каркасные та загальна площа: 53 м².,Московська
Матеріал: монолитно-каркасные та загальна площа: 63 м².,Жмеринська
Матеріал: кирпичные та загальна площа: 43 м².,Бойчука
Матеріал: монолитно-каркасные та загальна площа: 86 / 43 / 22 м².,Липківського
Матеріал: монолитно-каркасные та загальна площа: 120 м².,Лабораторний
Матеріал: кирпичные та загальна площа: 108 / 56 / 13 м².,Інститутська
Матеріал: 0 та загальна площа: 94 / 57 / 15 м².,Українки
Матеріал: монолитно-каркасные та загальна площа: 115 / 51.7 / 16 м².,Хрещатик
Матеріал: 0 та загальна площа: 36.25 / 15 / 11.9 м².,Дніпровська
Матеріал: кирпичные та загальна площа: 55 / 26.7 / 6.7 м².,Осокорська
Матеріал: 0 та загальна площа: 62 / 34 / 13 м².,Саперне Поле
Матеріал: 0 та загальна площа: 53 м².,Комарова
Матеріал: <span>6 декабря 2019 г.</span> та загальна площа: 48.5 / 33.2 / 6.1 м².,Драгомирова
Матеріал: монолитно-каркасные та загальна площа: 122 / 62 / 35 м².,Срібнокільська
Матеріал: монолитно-каркасные та загальна площа: 90 / 53 / 15 м².,Чоколівський
Матеріал: панельные та загальна площа: 55 / 33 / 8 м².,Звіринецька
Матеріал: 0 та загальна площа: 40 / 15 / 12 м².,Вишгородська
Матеріал: 0 та загальна площа: 46 м².,Драгомирова
Матеріал: монолитно-каркасные та загальна площа: 340 м².,Героїв Сталінграда
Матеріал: <span>22 декабря 2020 г.</span> та загальна площа: 41 / 16 / 15 м².,Будівельників
Матеріал: кирпичные та загальна площа: 47 / 27 / 7 м².,Іллєнка
Матеріал: 0 та загальна площа: 55 / 35 / 6 м².,Урлівська
Матеріал: 0 та загальна площа: 79 м².,Сормовська
Матеріал: монолитно-каркасные та загальна площа: 65 / 34.21 / 10.34 м².,Правди
Матеріал: монолитно-каркасные та загальна площа: 32 м².,Верховинна
Матеріал: кирпичные та загальна площа: 63 / 36 / 15 м².,Вербицького
Матеріал: монолитно-каркасные та загальна площа: 50 / 25 / 11 м².,*** not found
Матеріал: 0 та загальна площа: 36 / 12 / 14 м².,Велика Васильківська
Матеріал: монолитно-каркасные та загальна площа: 35 / 30 / 5 м².,Бойчука
Матеріал: 0 та загальна площа: 52 м².,Лобановського
Матеріал: 0 та загальна площа: 50 / 15 / 13 м².,Миколи Шепелєва
Матеріал: монолитно-каркасные та загальна площа: 165 / 90 / 25 м².,Кропивницького
Матеріал: монолитно-каркасные та загальна площа: 71 / 40 / 20 м².,Трускавецька
Матеріал: монолитно-каркасные та загальна площа: 110 / 61 / 16 м².,Голосіївська
Матеріал: монолитно-каркасные та загальна площа: 102 / 19.2 / 23.7 м².,Маланюка
Матеріал: <span>27 сентября 2020 г.</span> та загальна площа: 80 / 35 / 35 м².,Драгомирова
Матеріал: панельные та загальна площа: 60 / 39 / 7 м².,Юнацька
Матеріал: монолитно-каркасные та загальна площа: 70 / 35 / 12 м².,Максимовича
Матеріал: кирпичные та загальна площа: 80 / 54 / 8 м².,Комарова
Матеріал: <span>2 марта 2018 г.</span> та загальна площа: 84 / 50 / 16 м².,Багговутівська
Матеріал: утепленная панель та загальна площа: 72 / 41.9 / 8.2 м².,
Матеріал: монолитно-каркасные та загальна площа: 96 / 42 / 17 м².,Костанайська
Матеріал: кирпичные та загальна площа: 32 / 18 / 6 м².,Срібнокільська
Матеріал: утепленная панель та загальна площа: 113 / 43 / 24 м².,Курчатова
Матеріал: монолитно-каркасные та загальна площа: 119 м².,Гусовського
Матеріал: монолитно-каркасные та загальна площа: 61 / 26 / 12 м².,Українки
Матеріал: монолитно-каркасные та загальна площа: 75 / 34 / 12 м².,Драгоманова
Матеріал: 0 та загальна площа: 54.83 / 16.75 / 20.92 м².,Дніпровська
Матеріал: <span>7 октября 2020 г.</span> та загальна площа: 82 / 54 / 15 м².,Заболотного
Матеріал: монолитно-каркасные та загальна площа: 98 / 56 / 16 м².,Заболотного
Матеріал: кирпичные та загальна площа: 32 / 21 / 7 м².,Перемоги
Матеріал: 0 та загальна площа: 37 / 15.3 / 9 м².,Сверстюка
Матеріал: монолитно-каркасные та загальна площа: 96 / 51.9 / 13.2 м².,Липківського
Матеріал: монолитно-каркасные та загальна площа: 74 / 39 / 13 м².,Маккейна
Матеріал: <span>16 февраля</span> та загальна площа: 54 / 24 / 10 м².,Дніпровська
Матеріал: кирпичные та загальна площа: 88 / 39 / 38 м².,Волгоградська
Матеріал: <span>1 февраля</span> та загальна площа: 125.2 / 55 / 32 м².,Новопольова
Матеріал: монолитно-каркасные та загальна площа: 65 / 25 / 18 м².,Драгоманова
Матеріал: кирпичные та загальна площа: 50 / 26 / 8 м².,Лебедєва
Матеріал: утепленная панель та загальна площа: 100 / 57 / 20 м².,*** not found
Матеріал: монолитно-каркасные та загальна площа: 125 / 75 / 23 м².,Драгомирова
Матеріал: 0 та загальна площа: 55 / 18 / 18 м².,Лейпцизька
Матеріал: кирпичные та загальна площа: 55 / 39 / 8 м².,Глибочицька
Матеріал: 0 та загальна площа: 49 м².,Салютна
Матеріал: 0 та загальна площа: 51.89 / 18 / 12 м².,Метрологічна
Матеріал: кирпичные та загальна площа: 55 / 44 / 6 м².,Північно-Сирецька
Матеріал: кирпичные та загальна площа: 60.4 / 37.3 / 9.2 м².,Правди
Матеріал: монолитно-каркасные та загальна площа: 130 / 70 / 15 м².,Вернадського
Матеріал: монолитно-каркасные та загальна площа: 40 / 18 / 9 м².,Пчілки
Матеріал: 0 та загальна площа: 56 м².,Лейпцизька
Матеріал: монолитно-каркасные та загальна площа: 75 / 37 / 10 м².,Басейна
Матеріал: утепленная панель та загальна площа: 98 / 64 / 8 м².,Шаповала
Матеріал: 0 та загальна площа: 58.4 / 20 / 15 м².,Бережанська
Матеріал: утепленная панель та загальна площа: 51 / 30 / 7 м².,Бойчука
Матеріал: 0 та загальна площа: 32 м².,Перемоги
Матеріал: монолитно-каркасные та загальна площа: 308 м².,Івана Федорова
Матеріал: <span>9 февраля</span> та загальна площа: 30 / 15 / 6 м².,Антоновича
Матеріал: кирпичные та загальна площа: 90 / - / 15 м².,Вільямса
Матеріал: кирпичные та загальна площа: 61 / 30 / 10 м².,Бойчука
Матеріал: <span>25 января 2020 г.</span> та загальна площа: 105 / 49 / 20 м².,Перемоги
Матеріал: монолитно-каркасные та загальна площа: 32 / 18 / 8 м².,Ковпака
Матеріал: 0 та загальна площа: 27 м².,Русанівський
Матеріал: панельные та загальна площа: 37 / 16 / 9 м².,Українки
Матеріал: монолитно-каркасные та загальна площа: 76 / 48 / 14 м².,Празька
Матеріал: монолитно-каркасные та загальна площа: 75 / 44 / 12 м².,Гончара
Матеріал: монолитно-каркасные та загальна площа: 65 / 30 / 15 м².,Маккейна
Матеріал: монолитно-каркасные та загальна площа: 114 / 60 / 20 м².,Балтійський
Матеріал: монолитно-каркасные та загальна площа: 152 м².,Білоруська
Матеріал: монолитно-каркасные та загальна площа: 115 / 60 / 27 м².,Драгоманова
Матеріал: 0 та загальна площа: 89 / 44 / 17 м².,Липківського
Матеріал: монолитно-каркасные та загальна площа: 70 / 35 / 15 м².,Новогоспітальна
Матеріал: монолитно-каркасные та загальна площа: 84.2 / 60.1 / 12.6 м².,Радченка
Матеріал: кирпичные та загальна площа: 157.6 / 125 / 21 м².,Богомольця
Матеріал: кирпичные та загальна площа: 85 / 52 / 13 м².,Донця
Матеріал: 0 та загальна площа: 83 / 37 / 24 м².,Оболонський
Матеріал: монолитно-каркасные та загальна площа: 119 м².,Щекавицька
Матеріал: монолитно-каркасные та загальна площа: 100 / 52 / 42 м².,Пожарського
Матеріал: монолитно-каркасные та загальна площа: 42 / 15.6 / 10 м².,Полкова
Матеріал: монолитно-каркасные та загальна площа: 44 / 15 / 16 м².,Донця
Матеріал: монолитно-каркасные та загальна площа: 262 / 50 / 100 м².,Палладіна
Матеріал: монолитно-каркасные та загальна площа: 125 м².,Бойчука
Матеріал: <span>8 декабря 2020 г.</span> та загальна площа: 35 / - / 12 м².,Липківського
Матеріал: утепленная панель та загальна площа: 51 / 30 / 8 м².,Павлівська
Матеріал: монолитно-каркасные та загальна площа: 66 / 30 / 18 м².,Івашкевича
Матеріал: кирпичные та загальна площа: 68 / 41.1 / 7.6 м².,Іскрівська
Матеріал: 0 та загальна площа: 70 / 46.2 / 7.2 м².,Максимовича
Матеріал: утепленная панель та загальна площа: 113 / 59 / 40 м².,*** not found
Матеріал: монолитно-каркасные та загальна площа: 66.2 / 27.6 / 26 м².,Драгомирова
Матеріал: монолитно-каркасные та загальна площа: 108 / 34 / 31 м².,Теремківська
Матеріал: 0 та загальна площа: 46 / 14 / 16 м².,Осокорська
Матеріал: панельные та загальна площа: 60 / 42 / 6 м².,Дмитрівська
Матеріал: монолитно-каркасные та загальна площа: 125 / 75 / 23 м².,Кондратюка
Матеріал: монолитно-каркасные та загальна площа: 58 / 16.3 / 18 м².,Регенераторна
Матеріал: 0 та загальна площа: 198.5 м².,
Матеріал: монолитно-каркасные та загальна площа: 120 м².,Глибочицька
Матеріал: 0 та загальна площа: 68 м².,Героїв Сталінграда
Матеріал: <span>27 ноября 2020 г.</span> та загальна площа: 42 / 15.5 / 9 м².,Борщагівська
Матеріал: монолитно-каркасные та загальна площа: 69 / 31 / 21 м².,Ревуцького
Матеріал: монолитно-каркасные та загальна площа: 86 / 55 / 15 м².,Юнацька
Матеріал: 0 та загальна площа: 32 м².,Заболотного
Матеріал: монолитно-каркасные та загальна площа: 144.3 / 88.5 / 18.3 м².,Автозаводська
Матеріал: 0 та загальна площа: 52 м².,Заболотного
Матеріал: монолитно-каркасные та загальна площа: 92 / 43.6 / 16.2 м².,Саксаганського
Матеріал: монолитно-каркасные та загальна площа: 60 / 30 / 12 м².,Зарічна
Матеріал: 0 та загальна площа: 81.09 / 32.32 / 28.26 м².,*** not found
Матеріал: монолитно-каркасные та загальна площа: 189 / 122.2 / 20 м².,Невська
Матеріал: 0 та загальна площа: 59 м².,Героїв Сталінграда
Матеріал: монолитно-каркасные та загальна площа: 69 / 25 / 22 м².,Вишняківська
Матеріал: утепленная панель та загальна площа: 48 / 18 / 18 м².,Драгомирова
Матеріал: кирпичные та загальна площа: 62 / - / 8 м².,Драгомирова
Матеріал: монолитно-каркасные та загальна площа: 87 м².,Гавела
Матеріал: монолитно-каркасные та загальна площа: 83 / 40 / 19 м².,Здолбунівська
Матеріал: кирпичные та загальна площа: 65 / 33 / 18 м².,Драгомирова
Матеріал: 0 та загальна площа: 37 м².,Мечнікова
Матеріал: <span>8 января</span> та загальна площа: 56 / 24 / 16 м².,*** not found
Матеріал: кирпичные та загальна площа: 64 / 43 / 10 м².,Максимовича
Матеріал: 0 та загальна площа: 78 / 41 / 8 м².,Багговутівська
Матеріал: кирпичные та загальна площа: 64 / 43 / 7 м².,Шолуденка
Матеріал: панельные та загальна площа: 37 / 17 / 9 м².,Щекавицька
Матеріал: монолитно-каркасные та загальна площа: 117 / 65 / 26 м².,Коласа
Матеріал: кирпичные та загальна площа: 45 м².,*** not found
Матеріал: 0 та загальна площа: 42 / 20 / 11 м².,*** not found
Матеріал: монолитно-каркасные та загальна площа: 115 / 60 / 30 м².,Перемоги
Матеріал: 0 та загальна площа: 52.1 / 19 / - м².,*** not found
Матеріал: кирпичные та загальна площа: 76 / - / 10 м².,Наумова
Матеріал: кирпичные та загальна площа: 115 / 74 / 10 м².,Перемоги
Матеріал: 0 та загальна площа: 40.22 / 17.9 / 7 м².,Велика Васильківська
Матеріал: 0 та загальна площа: 59.62 / 18.53 / 17 м².,Червоноткацька
Матеріал: кирпичные та загальна площа: 44 / 31 / 6 м².,Вишгородська
